{"c_x":158.04272497694615,"c_y":146.31686302378634,"energy_x":[3.311833143234253,1.7852156162261963,2.350046396255493,2.593898057937622,1.0256736278533936,2.3519973754882813,0.8960393071174622,3.503690004348755,2.369185209274292,1.0889750719070435,1.2757551670074463,3.130413055419922,2.1939706802368164,0.8984646797180176,2.644427537918091,2.4904394149780273,9.017053604125977,3.051241159439087,2.557511568069458,2.6914749145507813,2.586958408355713,3.9694018363952637,1.3103739023208618,3.234610080718994,4.054184436798096],"energy_y":[2.059739828109741,2.84414005279541,2.6760470867156982,2.640699863433838,4.023784637451172,3.4681310653686523,1.5488172769546509,3.9780776500701904,2.631864547729492,2.5854852199554443,2.3965322971343994,3.180875062942505,3.86993408203125,3.9722084999084473,2.941812515258789,3.786545753479004,1.1021332740783691,3.4425594806671143,4.8182501792907715,2.0988516807556152,3.5322425365448,3.879152536392212,3.1888415813446045],"k_x":-1.0116454758605968,"k_y":-0.9607516797803141,"x":[94.0,90.0,94.0,98.0,86.0,98.0,90.0,86.0,90.0,86.0,82.0,66.0,62.0,78.0,62.0,74.0,74.0,70.0,70.0,66.0,58.0,54.0,78.0,78.0,82.0],"y":[46.0,58.0,50.0,58.0,54.0,54.0,50.0,90.0,86.0,90.0,82.0,82.0,86.0,74.0,62.0,78.0,66.0,62.0,78.0,74.0,66.0,70.0,70.0],"z_x":[62.92424242424243,69.16666666666667,65.0050505050505,58.76262626262626,69.16666666666667,60.843434343434346,65.0050505050505,71.24747474747475,67.08585858585859,73.32828282828284,73.32828282828284,92.05555555555556,94.13636363636364,81.65151515151516,96.21717171717172,81.65151515151516,83.73232323232324,87.89393939393939,85.81313131313132,89.97474747474747,98.2979797979798,102.45959595959596,77.48989898989899,79.57070707070707,75.4090909090909],"z_y":[103.5,91.01515151515152,101.41919191919192,93.0959595959596,95.17676767676768,97.25757575757576,99.33838383838385,57.72222222222222,63.964646464646464,59.803030303030305,66.04545454545455,68.12626262626263,61.88383838383839,74.36868686868686,88.93434343434343,70.20707070707071,80.61111111111111,86.85353535353536,72.2878787878788,76.44949494949495,84.77272727272728,78.53030303030303,80.61111111111111]}