{"c_x":172.3916473487364,"c_y":167.62266461490648,"energy_x":[2.2055580615997314,1.9487959146499634,2.474594831466675,1.8372077941894531,2.2376296520233154,2.120223045349121,3.9593677520751953,2.962867021560669,3.1454241275787354,3.0116968154907227,2.3842005729675293,2.737901449203491,2.006181478500366,2.177250623703003,1.8239068984985352,2.598865270614624],"energy_y":[3.1967766284942627,3.7769923210144043,1.1158024072647095,3.486252784729004,5.251806259155273,3.6996655464172363,4.641271591186523,3.964569330215454,4.005122661590576,3.7198941707611084,3.431300640106201,6.402553081512451,4.465509414672852,2.46339750289917,2.835313081741333,3.9438247680664063],"k_x":-0.9983865319460422,"k_y":-0.9727196496450683,"x":[78.0,74.0,70.0,74.0,74.0,78.0,82.0,98.0,86.0,94.0,82.0,94.0,90.0,90.0,86.0,98.0],"y":[94.0,82.0,98.0,86.0,94.0,86.0,90.0,90.0,82.0,78.0,78.0,74.0,74.0,70.0,70.0,66.0],"z_x":[96.21717171717172,100.37878787878788,100.37878787878788,96.21717171717172,98.2979797979798,94.13636363636364,92.05555555555556,75.4090909090909,87.89393939393939,77.48989898989899,89.97474747474747,79.57070707070707,81.65151515151516,83.73232323232324,85.81313131313132,73.32828282828284],"z_y":[74.36868686868686,88.93434343434343,72.2878787878788,82.6919191919192,76.44949494949495,86.85353535353536,78.53030303030303,80.61111111111111,86.85353535353536,91.01515151515152,93.0959595959596,95.17676767676768,97.25757575757576,101.41919191919192,99.33838383838385,103.5]}