{"c_x":165.86195436842237,"c_y":171.33162387118102,"energy_x":[2.6714329719543457,2.0740654468536377,2.5726678371429443,2.832291841506958,1.4345805644989014,3.2111825942993164,0.8297591209411621,2.720296621322632,0.39838406443595886,3.200773000717163,2.6687841415405273,1.8732470273971558,2.7115042209625244,4.05382776260376,2.853039503097534,4.345251083374023,0.8608255386352539,4.181939601898193],"energy_y":[5.485853672027588,2.680830717086792,0.538497269153595,3.4445583820343018,3.2908101081848145,5.412564754486084,0.2546234130859375,2.9393298625946045,0.9624518156051636,2.0509796142578125,3.3717715740203857,2.007967948913574,3.995173215866089,2.448382616043091,4.473289489746094,2.873652696609497,3.1696979999542236,2.6855056285858154],"k_x":-0.991889557287846,"k_y":-0.9886905498510593,"x":[78.0,74.0,66.0,78.0,66.0,70.0,62.0,70.0,66.0,74.0,82.0,90.0,82.0,90.0,86.0,86.0,94.0,94.0],"y":[98.0,98.0,94.0,90.0,82.0,94.0,90.0,82.0,94.0,90.0,86.0,86.0,78.0,78.0,74.0,70.0,74.0,70.0],"z_x":[87.89393939393939,94.13636363636364,100.37878787878788,89.97474747474747,102.45959595959596,96.21717171717172,102.45959595959596,98.2979797979798,98.2979797979798,92.05555555555556,83.73232323232324,75.4090909090909,85.81313131313132,77.48989898989899,81.65151515151516,79.57070707070707,71.24747474747475,73.32828282828284],"z_y":[74.36868686868686,76.44949494949495,76.44949494949495,82.6919191919192,88.93434343434343,78.53030303030303,84.77272727272728,91.01515151515152,80.61111111111111,78.53030303030303,84.77272727272728,86.85353535353536,93.0959595959596,95.17676767676768,97.25757575757576,101.41919191919192,99.33838383838385,103.5]}