{"c_x":26.419303544570457,"c_y":66.8781567917607,"energy_x":[4.984169006347656,2.7717244625091553,1.8484481573104858,3.841758966445923,3.899343729019165,3.4905128479003906,3.7881340980529785,3.6091413497924805,3.3821589946746826,1.4008920192718506,2.467935562133789,2.7579174041748047,2.1330761909484863,3.9792323112487793],"energy_y":[2.7959392070770264,4.425966262817383,3.1102631092071533,1.324587106704712,3.302304744720459,2.6311182975769043,2.2541861534118652,1.7557154893875122,1.6940401792526245,1.1277072429656982,2.734179735183716,2.746156930923462,2.7934160232543945],"k_x":-1.0378472748732632,"k_y":-0.972664530679809,"x":[18.0,14.0,2.0,18.0,2.0,14.0,10.0,6.0,10.0,6.0,22.0,22.0,22.0,26.0],"y":[54.0,50.0,50.0,42.0,46.0,46.0,42.0,62.0,62.0,62.0,58.0,54.0,58.0],"z_x":[6.742424242424242,12.984848484848484,21.30808080808081,8.823232323232324,23.38888888888889,10.904040404040405,15.065656565656566,19.227272727272727,17.146464646464647,21.30808080808081,2.580808080808081,6.742424242424242,4.661616161616162,0.5],"z_y":[14.025252525252526,16.10606060606061,18.18686868686869,26.51010101010101,20.267676767676768,22.348484848484848,24.42929292929293,3.621212121212121,5.702020202020202,7.782828282828283,9.863636363636363,11.944444444444445,7.782828282828283]}