{"c_x":49.62654148206202,"c_y":28.257804331590698,"energy_x":[4.253368854522705,4.636352062225342,2.213939666748047,4.946279525756836,3.9121103286743164,6.008593559265137,4.0141730308532715,1.7894444465637207,4.410096645355225,4.745977878570557,1.0543227195739746],"energy_y":[1.8895717859268188,3.3381736278533936,1.6525260210037231,3.1048083305358887,2.1636972427368164,3.73530912399292,2.9979066848754883,0.7675060033798218,2.1600067615509033,2.9149889945983887,0.8950453996658325,5.5423431396484375,2.204073905944824,3.518200635910034],"k_x":-0.9532477087698525,"k_y":-0.9463778939507069,"x":[50.0,42.0,46.0,38.0,38.0,34.0,30.0,22.0,30.0,26.0,22.0],"y":[22.0,26.0,26.0,22.0,6.0,18.0,10.0,18.0,14.0,6.0,14.0,10.0,2.0,2.0],"z_x":[0.5,8.823232323232324,2.580808080808081,10.904040404040405,12.984848484848484,17.146464646464647,19.227272727272727,29.63131313131313,21.30808080808081,25.46969696969697,27.550505050505052],"z_y":[7.782828282828283,1.5404040404040404,3.621212121212121,5.702020202020202,24.42929292929293,9.863636363636363,20.267676767676768,11.944444444444445,14.025252525252526,22.348484848484848,16.10606060606061,18.18686868686869,26.51010101010101,28.590909090909093]}