{"c_x":0.0,"c_y":0.0,"energy_x":[2.5523897631025325,2.851221221386244,2.681028143960029,0.0018206156397390211,2.740431405566814,2.9631882215649776,2.758259341168846,3.144873664987855],"energy_y":[3.504373458186932,2.4320684724012733,2.8450428834566495,2.6298313985290775,2.5585368847305157,5.97074159650596,2.9039347940564078,3.450008232469792],"k_x":0.0,"k_y":0.0,"x":[2.0,2.0,6.0,6.0,10.0,10.0,14.0,18.0],"y":[6.0,6.0,2.0,2.0,2.0,2.0,2.0,2.0],"z_x":[89.97474747474747,92.05555555555556,94.13636363636364,96.21717171717172,96.21717171717172,98.2979797979798,100.37878787878788,102.45959595959596],"z_y":[88.93434343434343,91.01515151515152,93.0959595959596,95.17676767676768,97.25757575757576,99.33838383838385,101.41919191919192,103.5]}