{"c_x":98.19913853666516,"c_y":176.36947141315173,"energy_x":[2.588414192199707,1.933059573173523,3.1365790367126465,2.9129436016082764,1.5935075283050537,3.204360008239746,1.2310163974761963,0.1915919929742813,3.1267080307006836,1.0015487670898438,3.392225980758667,3.265239715576172],"energy_y":[2.689556360244751,2.544210195541382,3.1780295372009277,2.5771825313568115,3.095841407775879,3.397280216217041,3.054898977279663,2.381756544113159,2.368861198425293],"k_x":-1.0056317589745494,"k_y":-0.9611650485435883,"x":[2.0,2.0,6.0,6.0,10.0,10.0,10.0,14.0,14.0,14.0,18.0,18.0],"y":[98.0,98.0,94.0,94.0,90.0,90.0,86.0,86.0,82.0],"z_x":[94.13636363636364,96.21717171717172,89.97474747474747,92.05555555555556,85.81313131313132,87.89393939393939,89.97474747474747,81.65151515151516,83.73232323232324,85.81313131313132,79.57070707070707,81.65151515151516],"z_y":[80.61111111111111,82.6919191919192,84.77272727272728,86.85353535353536,88.93434343434343,91.01515151515152,93.0959595959596,95.17676767676768,97.25757575757576]}